{
  "A": {
    "name": "Urban",
    "lat_range": [
      28.6,
      28.8
    ],
    "lon_range": [
      77.1,
      77.3
    ],
    "avg_rainfall": {
      "1": 12.476585365853659,
      "2": 17.23268292682927,
      "3": 21.545853658536586,
      "4": 25.301463414634146,
      "5": 45.04780487804878,
      "6": 159.74146341463413,
      "7": 214.6951219512195,
      "8": 201.36292682926828,
      "9": 143.77609756097561,
      "10": 79.48536585365854,
      "11": 32.995609756097565,
      "12": 16.997560975609755
    },
    "avg_level": 11.799044715447154,
    "physical_properties": {
      "permeability": 0.3,
      "extraction_rate": 0.8,
      "recharge_efficiency": 0.2,
      "soil_type": "clay-sand",
      "depth_meters": 45
    }
  },
  "B": {
    "name": "Agricultural",
    "lat_range": [
      26.4,
      26.6
    ],
    "lon_range": [
      80.3,
      80.5
    ],
    "avg_rainfall": {
      "1": 17.259999999999998,
      "2": 23.26926829268293,
      "3": 28.38731707317073,
      "4": 34.18829268292683,
      "5": 63.860975609756096,
      "6": 213.86536585365852,
      "7": 298.95073170731706,
      "8": 274.80829268292683,
      "9": 203.21902439024387,
      "10": 111.6390243902439,
      "11": 45.50243902439024,
      "12": 22.33853658536585
    },
    "avg_level": 26.60392276422764,
    "physical_properties": {
      "permeability": 0.7,
      "extraction_rate": 0.5,
      "recharge_efficiency": 0.75,
      "soil_type": "sandy-loam",
      "depth_meters": 60
    }
  },
  "C": {
    "name": "Coastal",
    "lat_range": [
      12.9,
      13.1
    ],
    "lon_range": [
      80.1,
      80.3
    ],
    "avg_rainfall": {
      "1": 20.04439024390244,
      "2": 27.48878048780488,
      "3": 34.530243902439025,
      "4": 39.627804878048785,
      "5": 74.76975609756097,
      "6": 247.52878048780488,
      "7": 351.30390243902434,
      "8": 320.1292682926829,
      "9": 237.52926829268293,
      "10": 126.7019512195122,
      "11": 53.853658536585364,
      "12": 26.775609756097563
    },
    "avg_level": 6.926105691056911,
    "physical_properties": {
      "permeability": 0.6,
      "extraction_rate": 0.6,
      "recharge_efficiency": 0.4,
      "soil_type": "sandy",
      "depth_meters": 30
    }
  },
  "D": {
    "name": "Arid",
    "lat_range": [
      26.8,
      27.0
    ],
    "lon_range": [
      75.7,
      75.9
    ],
    "avg_rainfall": {
      "1": 8.196097560975609,
      "2": 11.197560975609756,
      "3": 13.620000000000001,
      "4": 16.429756097560976,
      "5": 29.58780487804878,
      "6": 100.50926829268293,
      "7": 144.39463414634147,
      "8": 127.94731707317072,
      "9": 96.68,
      "10": 52.157560975609755,
      "11": 21.17707317073171,
      "12": 10.935609756097563
    },
    "avg_level": 8.849983739837398,
    "physical_properties": {
      "permeability": 0.2,
      "extraction_rate": 0.7,
      "recharge_efficiency": 0.15,
      "soil_type": "rocky",
      "depth_meters": 50
    }
  }
}